{
  "project_info": {
    "project_number": "283473674549",
    "project_id": "flash-chat-9436b",
    "storage_bucket": "flash-chat-9436b.appspot.com"
  },
  "client": [
    {
      "client_info": {
        "mobilesdk_app_id": "1:283473674549:android:e94f2a0c1d632ee9dc0c7c",
        "android_client_info": {
          "package_name": "co.Navidul.flash_chat"
        }
      },
      "oauth_client": [
        {
          "client_id": "283473674549-bl9dlnph67numbjq8r1lkq5c4ukvkavr.apps.googleusercontent.com",
          "client_type": 3
        }
      ],
      "api_key": [
        {
          "current_key": "AIzaSyDJVbrruxbUeKGcxfkhiBQgmnsgWA0wGvA"
        }
      ],
      "services": {
        "appinvite_service": {
          "other_platform_oauth_client": [
            {
              "client_id": "283473674549-bl9dlnph67numbjq8r1lkq5c4ukvkavr.apps.googleusercontent.com",
              "client_type": 3
            }
          ]
        }
      }
    }
  ],
  "configuration_version": "1"
}